{"initial_reset_timestamp": 1751564786.9437435, "timestamps": [1751564796.659454, 1751564802.9016612, 1751564808.4753902, 1751564813.2126093, 1751564816.9497466, 1751564824.9050655, 1751564830.5295334, 1751564848.8796713, 1751564901.8088853, 1751564946.495256, 1751565004.98756, 1751565064.6927161, 1751565136.7594364, 1751565183.1592002], "episode_lengths": [822, 592, 506, 537, 636, 792, 540, 751, 811, 523, 790, 787, 988, 540], "episode_rewards": [215.0, 210.0, 80.0, 115.0, 100.0, 140.0, 80.0, 260.0, 225.0, 155.0, 230.0, 230.0, 400.0, 120.0], "episode_types": ["t", "t", "t", "t", "t", "t", "t", "t", "t", "t", "t", "t", "t", "t", "t"]}