{"loss": [NaN, NaN, NaN, NaN, NaN, NaN, NaN, NaN, NaN, NaN, NaN, NaN, NaN, NaN, NaN, NaN, NaN, NaN, NaN, NaN, NaN, NaN, NaN, NaN, NaN, NaN, NaN, NaN, NaN, 0.007319769638083277, 0.006080187763737948, 0.006594602140662923], "mae": [NaN, NaN, NaN, NaN, NaN, NaN, NaN, NaN, NaN, NaN, NaN, NaN, NaN, NaN, NaN, NaN, NaN, NaN, NaN, NaN, NaN, NaN, NaN, NaN, NaN, NaN, NaN, NaN, NaN, 0.04841245677588241, 0.029710858733507626, 0.030948581947730137], "mean_q": [NaN, NaN, NaN, NaN, NaN, NaN, NaN, NaN, NaN, NaN, NaN, NaN, NaN, NaN, NaN, NaN, NaN, NaN, NaN, NaN, NaN, NaN, NaN, NaN, NaN, NaN, NaN, NaN, NaN, 0.09830762658800397, 0.04688852150973521, 0.050711343380121086], "mean_eps": [NaN, NaN, NaN, NaN, NaN, NaN, NaN, NaN, NaN, NaN, NaN, NaN, NaN, NaN, NaN, NaN, NaN, NaN, NaN, NaN, NaN, NaN, NaN, NaN, NaN, NaN, NaN, NaN, NaN, 0.9894286111111111, 0.9891129999999998, 0.9886749444444446], "episode_reward": [6.0, 7.0, 10.0, 12.0, 6.0, 6.0, 4.0, 6.0, 4.0, 7.0, 12.0, 6.0, 12.0, 10.0, 14.0, 16.0, 8.0, 10.0, 5.0, 11.0, 16.0, 5.0, 10.0, 11.0, 9.0, 9.0, 9.0, 7.0, 5.0, 4.0, 17.0, 5.0], "nb_episode_steps": [420, 711, 810, 890, 375, 510, 529, 455, 449, 590, 819, 752, 782, 775, 1106, 790, 587, 739, 617, 750, 1493, 549, 615, 579, 636, 712, 567, 455, 464, 531, 1142, 519], "nb_steps": [420, 1131, 1941, 2831, 3206, 3716, 4245, 4700, 5149, 5739, 6558, 7310, 8092, 8867, 9973, 10763, 11350, 12089, 12706, 13456, 14949, 15498, 16113, 16692, 17328, 18040, 18607, 19062, 19526, 20057, 21199, 21718], "episode": [0, 1, 2, 3, 4, 5, 6, 7, 8, 9, 10, 11, 12, 13, 14, 15, 16, 17, 18, 19, 20, 21, 22, 23, 24, 25, 26, 27, 28, 29, 30, 31], "duration": [16.822264759000973, 27.820301768000718, 30.864811266999823, 33.15853512499962, 14.192363723001108, 20.316220929000337, 19.37063970700001, 16.93747363500006, 16.98638195499916, 23.140029509999295, 30.899631418000354, 28.711304831000234, 29.761275760998615, 29.514872308998747, 41.81212472399966, 30.15290981600083, 23.021596245000183, 27.607181841000056, 23.036866190999717, 28.506431052001062, 56.50013146999845, 20.47337425600017, 23.855936979000035, 22.466347108000264, 23.5836903849995, 27.479289520000748, 22.210968573001082, 17.290437181000016, 17.179934138001045, 57.86430681800084, 748.262978883, 339.8343977349996]}